shipment_id,origin_city,origin_state,origin_postal_code,origin_country,destination_city,destination_state,destination_postal_code,destination_country,scheduled_pickup_date,actual_pickup_date,expected_delivery_date,actual_delivery_date,is_delayed,delay_duration_days,delay_causes,primary_delay_cause,carrier_name,shipment_weight_kg,shipment_volume_m3,shipment_type,route_id,vehicle_type,calculated_delay_days,delivery_status,delivery_day,delivery_month,pickup_delay_days,delay_category,route,weight_category
SHP00001,Chicago,IL,60616,USA,Dallas,TX,75201,USA,2023-01-15,2023-01-15,2023-01-18,2023-01-18,0.0,0.0,,,FastTrack Logistics,18.2,0.13,parcel,RT101,truck,0.0,On Time,Wednesday,January,0.0,On Time,Chicago → Dallas,Medium
SHP00002,Paris,Île-de-France,75001,France,Berlin,Berlin,10117,Germany,2023-02-10,2023-02-11,2023-02-18,2023-02-22,1.0,4.0,"customs,weather",customs,EuroWay Freight,4230.0,14.2,container,EU209,rail,4.0,Delayed,Wednesday,February,1.0,3-5 Days,Paris → Berlin,Heavy
SHP00003,San Francisco,CA,94105,USA,Denver,CO,80212,USA,2023-03-18,2023-03-19,2023-03-22,2023-03-22,0.0,0.0,,,Summit Express,26.4,0.21,parcel,RT112,van,0.0,On Time,Wednesday,March,1.0,On Time,San Francisco → Denver,Medium
SHP00004,Toronto,ON,M5J2T6,Canada,Montreal,QC,H3H1G9,Canada,2023-04-01,2023-04-02,2023-04-04,2023-04-04,0.0,0.0,,,MapleLeaf Transport,168.2,1.17,pallet,CA042,truck,0.0,On Time,Tuesday,April,1.0,On Time,Toronto → Montreal,Heavy
SHP00005,Sydney,NSW,2000,Australia,Melbourne,VIC,3000,Australia,2023-02-25,2023-02-25,2023-02-28,2023-03-01,1.0,1.0,"traffic,staffing",traffic,DownUnder Logistics,117.8,0.98,pallet,AU302,van,1.0,Delayed,Wednesday,March,0.0,1-2 Days,Sydney → Melbourne,Heavy
SHP00006,Los Angeles,CA,90007,USA,Seattle,WA,98101,USA,2023-03-05,2023-03-05,2023-03-09,2023-03-11,1.0,2.0,"weather,traffic",weather,Pacific Haulage,52.7,0.41,pallet,RT234,truck,2.0,Delayed,Saturday,March,0.0,1-2 Days,Los Angeles → Seattle,Heavy
SHP00007,Singapore,Central,486041,Singapore,Kuala Lumpur,WP Kuala Lumpur,50450,Malaysia,2023-04-07,2023-04-08,2023-04-16,2023-04-20,1.0,4.0,"customs,staffing",customs,Straits Freight,3870.5,12.8,container,SEA15,rail,4.0,Delayed,Thursday,April,1.0,3-5 Days,Singapore → Kuala Lumpur,Heavy
SHP00008,London,Greater London,NW1 6XE,UK,Dublin,Leinster,D01T2A4,Ireland,2023-03-29,2023-03-30,2023-04-03,2023-04-03,0.0,0.0,,,TransAtlantic Express,0.02,0.0009,document,UKIE9,air,0.0,On Time,Monday,April,1.0,On Time,London → Dublin,Light
SHP00009,Miami,FL,33130,USA,West Palm Beach,FL,33401,USA,2023-04-11,2023-04-11,2023-04-12,2023-04-12,0.0,0.0,,,RapidHaul USA,9.9,0.09,parcel,RT309,van,0.0,On Time,Wednesday,April,0.0,On Time,Miami → West Palm Beach,Light
SHP00010,Hamburg,Hamburg,20457,Germany,Marseille,Provence,13002,France,2023-03-05,2023-03-07,2023-03-19,2023-03-23,1.0,4.0,"staffing,weather",staffing,RhineDelta Shipping,11005.8,33.4,container,EU304,ship,4.0,Delayed,Thursday,March,2.0,3-5 Days,Hamburg → Marseille,Heavy
SHP00011,Seattle,WA,98101,USA,Spokane,WA,99202,USA,2023-05-01,2023-05-01,2023-05-03,2023-05-03,0.0,0.0,,,Evergreen Express,42.6,0.19,parcel,RT128,truck,0.0,On Time,Wednesday,May,0.0,On Time,Seattle → Spokane,Heavy
SHP00012,Lima,Lima Province,15001,Peru,La Paz,La Paz,1000,Bolivia,2023-06-12,2023-06-12,2023-06-19,2023-06-22,1.0,3.0,"weather,staffing",weather,Andes Mountain Cargo,97.1,0.78,other,AND21,other,3.0,Delayed,Thursday,June,0.0,3-5 Days,Lima → La Paz,Heavy
SHP00013,Fort Pierce,FL,34957,USA,Jacksonville,FL,32208,USA,2023-07-02,2023-07-02,2023-07-04,2023-07-05,1.0,1.0,traffic,traffic,Sunshine State Haul,8.8,0.08,parcel,RT255,van,1.0,Delayed,Wednesday,July,0.0,1-2 Days,Fort Pierce → Jacksonville,Light
SHP00014,Geneva,Geneva,1204,Switzerland,Lyon,Auvergne-Rhône-Alpes,69002,France,2023-06-20,2023-06-21,2023-06-26,2023-06-26,0.0,0.0,,,Alpine Carriers,0.03,0.0005,document,CHFR03,van,0.0,On Time,Monday,June,1.0,On Time,Geneva → Lyon,Light
SHP00015,New York,NY,10003,USA,New York,NY,10166,USA,2023-08-22,2023-08-22,2023-08-23,2023-08-23,0.0,0.0,,,Metro Delivery,0.01,0.0003,document,RT150,van,0.0,On Time,Wednesday,August,0.0,On Time,New York → New York,Light
SHP00016,Sao Paulo,SP,01310-300,Brazil,Panama City,Panama,0801,Panama,2023-09-05,2023-09-06,2023-09-14,2023-09-18,1.0,4.0,"customs,staffing",customs,LatinGlobal Logistics,4900.0,18.4,container,LAT45,ship,4.0,Delayed,Monday,September,1.0,3-5 Days,Sao Paulo → Panama City,Heavy
SHP00017,Montreal,QC,H2X1Z6,Canada,Toronto,ON,M4W1A9,Canada,2023-10-12,2023-10-12,2023-10-14,2023-10-14,0.0,0.0,,,GreatNorth Freight,104.7,0.95,pallet,CA089,truck,0.0,On Time,Saturday,October,0.0,On Time,Montreal → Toronto,Heavy
SHP00018,Tokyo,Tokyo,100-0005,Japan,Singapore,Central,238841,Singapore,2023-11-01,2023-11-02,2023-11-09,2023-11-15,1.0,6.0,"customs,weather",customs,AsiaPacific Shipping,7100.2,24.6,container,JPSEA1,ship,6.0,Delayed,Wednesday,November,1.0,6+ Days,Tokyo → Singapore,Heavy
SHP00019,Cape Town,Western Cape,8001,South Africa,Cape Town,Western Cape,8000,South Africa,2023-12-05,2023-12-05,2023-12-07,2023-12-08,1.0,1.0,staffing,staffing,Frontier Logistics,82.3,0.67,other,SA011,other,1.0,Delayed,Friday,December,0.0,1-2 Days,Cape Town → Cape Town,Heavy
SHP00020,Dubai,Dubai,00000,UAE,Riyadh,Riyadh,11411,Saudi Arabia,2024-01-10,2024-01-11,2024-01-16,2024-01-18,1.0,2.0,"customs,weather",weather,Desert Cross Trans,2100.0,9.4,container,ME097,rail,2.0,Delayed,Thursday,January,1.0,1-2 Days,Dubai → Riyadh,Heavy
SHP00021,London,Greater London,EC4N 4SA,UK,Manchester,Greater Manchester,M2 5DB,UK,2023-07-15,2023-07-16,2023-07-18,2023-07-18,0.0,0.0,,,BritExpress,58.6,0.34,pallet,UK046,truck,0.0,On Time,Tuesday,July,1.0,On Time,London → Manchester,Heavy
SHP00022,Boston,MA,02108,USA,Hartford,CT,06106,USA,2024-02-05,2024-02-05,2024-02-07,2024-02-08,1.0,1.0,traffic,traffic,Northeast Logistics,22.5,0.16,parcel,RT202,van,1.0,Delayed,Thursday,February,0.0,1-2 Days,Boston → Hartford,Medium
SHP00023,Paris,Île-de-France,75004,France,Madrid,Madrid,28013,Spain,2023-06-18,2023-06-19,2023-06-23,2023-06-23,0.0,0.0,,,EuroWay Freight,0.01,0.0004,document,EU155,air,0.0,On Time,Friday,June,1.0,On Time,Paris → Madrid,Light
SHP00024,Los Angeles,CA,90048,USA,San Diego,CA,92101,USA,2024-03-12,2024-03-12,2024-03-13,,0.0,0.0,,,Pacific Haulage,14.3,0.1,parcel,RT245,truck,,Delivery Pending,,,0.0,Delivery Pending,Los Angeles → San Diego,Medium
SHP00025,Toronto,ON,M4N2K6,Canada,Vancouver,BC,V6C1T2,Canada,2024-03-20,,2024-03-25,,0.0,0.0,,,MapleLeaf Transport,130.4,1.09,pallet,CA112,rail,,Delivery Pending,,,,Delivery Pending,Toronto → Vancouver,Heavy
SHP00026,Auckland,Auckland,1010,New Zealand,Sydney,NSW,2000,Australia,2023-08-18,2023-08-18,2023-08-22,2023-08-25,1.0,3.0,"weather,customs",weather,TransTasman Logistics,3100.0,10.8,container,AUNZ8,ship,3.0,Delayed,Friday,August,0.0,3-5 Days,Auckland → Sydney,Heavy
SHP00027,Buenos Aires,Buenos Aires,C1043,Argentina,La Paz,La Paz,1000,Bolivia,2024-04-10,2024-04-11,2024-04-17,2024-04-20,1.0,3.0,"weather,staffing",staffing,Andes Mountain Cargo,82.6,0.82,other,AND34,other,3.0,Delayed,Saturday,April,1.0,3-5 Days,Buenos Aires → La Paz,Heavy
SHP00028,Seattle,WA,98122,USA,Portland,OR,97204,USA,2024-05-01,,2024-05-03,,0.0,0.0,,,Evergreen Express,15.9,0.12,parcel,RT318,truck,,Delivery Pending,,,,Delivery Pending,Seattle → Portland,Medium
SHP00029,Bangkok,Bangkok,10500,Thailand,Kuala Lumpur,WP Kuala Lumpur,55100,Malaysia,2024-05-17,,2024-05-23,,0.0,0.0,,,Straits Freight,96.4,0.74,pallet,SEA07,rail,,Delivery Pending,,,,Delivery Pending,Bangkok → Kuala Lumpur,Heavy
SHP00030,Miami,FL,33143,USA,Miami,FL,33131,USA,2024-06-04,,2024-06-05,,0.0,0.0,,,Sunshine State Haul,0.01,0.0002,document,RT102,van,,Delivery Pending,,,,Delivery Pending,Miami → Miami,Light
SHP00031,Littleton,CO,80122,USA,Denver,CO,80203,USA,2024-06-21,,2024-06-23,,0.0,0.0,,,Summit Express,23.7,0.19,parcel,RT275,truck,,Delivery Pending,,,,Delivery Pending,Littleton → Denver,Medium
SHP00032,Oakland,CA,94612,USA,Berkeley,CA,94705,USA,2024-07-08,,2024-07-11,,0.0,0.0,,,Pacific Haulage,17.5,0.13,parcel,RT199,truck,,Delivery Pending,,,,Delivery Pending,Oakland → Berkeley,Medium
SHP00033,Eugene,OR,97405,USA,Portland,OR,97213,USA,2024-07-16,,2024-07-17,,0.0,0.0,,,Evergreen Express,11.4,0.09,parcel,RT320,van,,Delivery Pending,,,,Delivery Pending,Eugene → Portland,Medium
SHP00034,McMurdo,Antarctica,00001,Antarctica,Amundsen-Scott,Antarctica,00002,Antarctica,2023-12-01,2023-12-02,2023-12-08,2023-12-19,1.0,11.0,"weather,staffing",weather,Polar Logistics,13.7,0.16,other,ANT07,other,11.0,Delayed,Tuesday,December,1.0,6+ Days,McMurdo → Amundsen-Scott,Medium
SHP00035,Phoenix,AZ,85014,USA,Tempe,AZ,85281,USA,2024-08-03,,2024-08-04,,0.0,0.0,,,RapidHaul USA,28.3,0.22,parcel,RT223,truck,,Delivery Pending,,,,Delivery Pending,Phoenix → Tempe,Medium
SHP00036,Chicago,IL,60611,USA,Chicago,IL,60659,USA,2023-07-23,2023-07-23,2023-07-24,2023-07-25,1.0,1.0,traffic,traffic,Metro Delivery,0.03,0.0008,document,RT331,van,1.0,Delayed,Tuesday,July,0.0,1-2 Days,Chicago → Chicago,Light
SHP00037,Montreal,QC,H3Z2A5,Canada,Vancouver,BC,V6E2Y2,Canada,2024-09-09,,2024-09-14,,0.0,0.0,,,GreatNorth Freight,113.5,0.88,pallet,CA134,rail,,Delivery Pending,,,,Delivery Pending,Montreal → Vancouver,Heavy
SHP00038,Geneva,Geneva,1201,Switzerland,Zurich,Zurich,8001,Switzerland,2023-09-21,2023-09-22,2023-09-25,2023-09-25,0.0,0.0,,,Alpine Carriers,0.01,0.0002,document,CH021,van,0.0,On Time,Monday,September,1.0,On Time,Geneva → Zurich,Light
SHP00039,New Orleans,LA,70130,USA,New Orleans,LA,70117,USA,2024-10-03,,2024-10-04,,0.0,0.0,,,Delta Express,0.01,0.0007,document,RT401,van,,Delivery Pending,,,,Delivery Pending,New Orleans → New Orleans,Light
SHP00040,Long Beach,CA,90803,USA,Los Angeles,CA,90037,USA,2024-10-23,,2024-10-25,,0.0,0.0,,,Pacific Haulage,34.1,0.25,parcel,RT321,truck,,Delivery Pending,,,,Delivery Pending,Long Beach → Los Angeles,Heavy
SHP00041,Lima,Lima Province,15036,Peru,Quito,Pichincha,170143,Ecuador,2023-10-09,2023-10-10,2023-10-18,2023-10-25,1.0,7.0,"weather,customs",weather,Andes Mountain Cargo,84.2,0.69,other,AND11,other,7.0,Delayed,Wednesday,October,1.0,6+ Days,Lima → Quito,Heavy
SHP00042,Montreal,QC,H2Y2H8,Canada,Edmonton,AB,T5J1S2,Canada,2024-11-15,,2024-11-20,,0.0,0.0,,,GreatNorth Freight,127.8,1.02,pallet,CA211,rail,,Delivery Pending,,,,Delivery Pending,Montreal → Edmonton,Heavy
SHP00043,Rome,Lazio,00184,Italy,Naples,Campania,80139,Italy,2023-06-08,2023-06-08,2023-06-10,2023-06-11,1.0,1.0,"traffic,staffing",traffic,Europa Logistics,109.6,0.97,pallet,IT099,truck,1.0,Delayed,Sunday,June,0.0,1-2 Days,Rome → Naples,Heavy
SHP00044,Seattle,WA,98101,USA,Seattle,WA,98101,USA,2023-05-19,2023-05-19,2023-05-20,2023-05-20,0.0,0.0,,,Evergreen Express,16.9,0.11,parcel,RT209,truck,0.0,On Time,Saturday,May,0.0,On Time,Seattle → Seattle,Medium
SHP00045,Rio de Janeiro,RJ,22021-001,Brazil,Panama City,Panama,0801,Panama,2023-11-05,2023-11-06,2023-11-13,2023-11-15,1.0,2.0,"customs,staffing",customs,LatinGlobal Logistics,3250.0,13.9,container,LAT59,ship,2.0,Delayed,Wednesday,November,1.0,1-2 Days,Rio de Janeiro → Panama City,Heavy
SHP00046,Westminster,CO,80020,USA,Wheat Ridge,CO,80033,USA,2024-09-02,,2024-09-03,,0.0,0.0,,,Summit Express,16.2,0.11,parcel,RT402,truck,,Delivery Pending,,,,Delivery Pending,Westminster → Wheat Ridge,Medium
SHP00047,Austin,TX,78702,USA,Austin,TX,78701,USA,2024-11-12,,2024-11-12,,0.0,0.0,,,RapidHaul USA,0.02,0.0006,document,RT224,van,,Delivery Pending,,,,Delivery Pending,Austin → Austin,Light
SHP00048,Los Angeles,CA,90010,USA,San Diego,CA,92101,USA,2023-05-18,2023-05-18,2023-05-19,2023-05-20,1.0,1.0,traffic,traffic,Pacific Haulage,19.6,0.15,parcel,RT217,truck,1.0,Delayed,Saturday,May,0.0,1-2 Days,Los Angeles → San Diego,Medium
SHP00049,Sydney,NSW,2000,Australia,Melbourne,VIC,3000,Australia,2024-12-07,,2024-12-10,,0.0,0.0,,,DownUnder Logistics,67.2,0.56,pallet,AU403,van,,Delivery Pending,,,,Delivery Pending,Sydney → Melbourne,Heavy
SHP00050,Washington,DC,20500,USA,Washington,DC,20597,USA,2023-11-14,2023-11-14,2023-11-14,2023-11-14,0.0,0.0,,,Summit Express,0.01,0.0002,document,RT001,van,0.0,On Time,Tuesday,November,0.0,On Time,Washington → Washington,Light
SHP10051,Houston,TX,77002,USA,Dallas,TX,75201,USA,2023-09-14,2023-09-14,2023-09-15,2023-09-15,0.0,0.0,,,Lone Star Logistics,18.6,0.19,parcel,RT321,truck,0.0,On Time,Friday,September,0.0,On Time,Houston → Dallas,Medium
SHP10052,Toronto,ON,M5V2M9,Canada,Edmonton,AB,T5J1S7,Canada,2023-08-18,2023-08-18,2023-08-20,2023-08-22,1.0,2.0,"weather,traffic",weather,MapleFreight,94.8,0.26,parcel,CA104,truck,2.0,Delayed,Tuesday,August,0.0,1-2 Days,Toronto → Edmonton,Heavy
SHP10053,London,England,NW87BD,UK,Milan,Lombardy,20121,Italy,2023-10-10,2023-10-11,2023-10-19,2023-10-25,1.0,6.0,"customs,staffing,weather",customs,EuroWay Transport,12000.0,52.5,container,EU4901,rail,6.0,Delayed,Wednesday,October,1.0,6+ Days,London → Milan,Heavy
SHP10054,Boston,MA,02114,USA,Philadelphia,PA,19106,USA,2023-11-01,2023-11-01,2023-11-02,2023-11-02,0.0,0.0,,,East Coast Express,8.9,0.05,parcel,RT589,van,0.0,On Time,Thursday,November,0.0,On Time,Boston → Philadelphia,Light
SHP10055,Sydney,NSW,2000,Australia,Auckland,Auckland,1010,New Zealand,2023-12-15,2023-12-16,2023-12-26,2023-12-28,1.0,2.0,"weather,staffing",weather,DownUnder Logistics,450.0,1.5,pallet,AUNZ2,ship,2.0,Delayed,Thursday,December,1.0,1-2 Days,Sydney → Auckland,Heavy
SHP10056,Paris,Île-de-France,75007,France,Zurich,ZH,8001,Switzerland,2023-07-13,2023-07-13,2023-07-20,2023-07-20,0.0,0.0,,,AlpineCargo,320.5,1.1,pallet,EU442,rail,0.0,On Time,Thursday,July,0.0,On Time,Paris → Zurich,Heavy
SHP10057,Chicago,IL,60606,USA,Atlanta,GA,30309,USA,2023-08-23,2023-08-23,2023-08-24,2023-08-24,0.0,0.0,,,Midwest Parcel,16.1,0.12,parcel,RT487,truck,0.0,On Time,Thursday,August,0.0,On Time,Chicago → Atlanta,Medium
SHP10058,Glasgow,Scotland,G28DL,UK,Dublin,Leinster,D02X285,Ireland,2023-09-18,2023-09-18,2023-09-21,2023-09-23,1.0,2.0,"staffing,weather",staffing,Celtic Freight,1120.0,8.4,container,UKIR5,ship,2.0,Delayed,Saturday,September,0.0,1-2 Days,Glasgow → Dublin,Heavy
SHP10059,Toronto,ON,M5E1Z8,Canada,Vancouver,BC,V6C3A6,Canada,2023-11-10,2023-11-11,2023-11-18,2023-11-18,0.0,0.0,,,WestCoast Logistics,79.4,0.27,parcel,CA311,truck,0.0,On Time,Saturday,November,1.0,On Time,Toronto → Vancouver,Heavy
SHP10060,Rio de Janeiro,RJ,20040002,Brazil,Buenos Aires,Buenos Aires,C1005AAG,Argentina,2023-10-05,2023-10-06,2023-10-11,2023-10-15,1.0,4.0,"customs,traffic,staffing",customs,Andes Cargo,7120.0,44.5,container,SAM678,ship,4.0,Delayed,Sunday,October,1.0,3-5 Days,Rio de Janeiro → Buenos Aires,Heavy
SHP10061,Shanghai,Shanghai,200001,China,Singapore,Central,039803,Singapore,2023-07-01,2023-07-01,2023-07-08,2023-07-09,1.0,1.0,"customs,weather",customs,AsiaStar Shipping,9630.0,38.1,container,AS345,ship,1.0,Delayed,Sunday,July,0.0,1-2 Days,Shanghai → Singapore,Heavy
SHP10062,Los Angeles,CA,90028,USA,San Francisco,CA,94105,USA,2023-09-20,2023-09-20,2023-09-21,2023-09-21,0.0,0.0,,,Golden Gate Freight,23.0,0.11,parcel,RT199,truck,0.0,On Time,Thursday,September,0.0,On Time,Los Angeles → San Francisco,Medium
SHP10063,Geneva,GE,1201,Switzerland,Lyon,Auvergne-Rhône-Alpes,69007,France,2023-12-03,2023-12-03,2023-12-05,2023-12-08,1.0,3.0,"weather,traffic",weather,AlpineCargo,260.0,0.98,pallet,EU412,rail,3.0,Delayed,Friday,December,0.0,3-5 Days,Geneva → Lyon,Heavy
SHP10064,Cape Town,Western Cape,8001,South Africa,Johannesburg,Gauteng,2001,South Africa,2023-07-20,2023-07-20,2023-07-23,2023-07-23,0.0,0.0,,,Rainbow Transport,202.0,1.1,pallet,SAF22,truck,0.0,On Time,Sunday,July,0.0,On Time,Cape Town → Johannesburg,Heavy
SHP10065,Dubai,Dubai,00000,UAE,Abu Dhabi,Abu Dhabi,00000,UAE,2023-12-20,2023-12-21,2023-12-24,2023-12-26,1.0,2.0,"staffing,traffic",staffing,Emirates Freightways,130.0,0.71,pallet,UAE09,van,2.0,Delayed,Tuesday,December,1.0,1-2 Days,Dubai → Abu Dhabi,Heavy
SHP10066,Miami,FL,33139,USA,Miami,FL,33131,USA,2023-08-14,2023-08-15,2023-08-15,2023-08-15,0.0,0.0,,,Sunshine Couriers,2.2,0.03,parcel,RT205,van,0.0,On Time,Tuesday,August,1.0,On Time,Miami → Miami,Light
SHP10067,Singapore,Central,238885,Singapore,Bangkok,Bangkok,10500,Thailand,2023-09-02,2023-09-02,2023-09-06,2023-09-09,1.0,3.0,"weather,traffic",weather,ASEAN Express,380.0,1.7,pallet,SEA83,rail,3.0,Delayed,Saturday,September,0.0,3-5 Days,Singapore → Bangkok,Heavy
SHP10068,Sydney,NSW,2000,Australia,Melbourne,VIC,3000,Australia,2023-10-10,2023-10-10,2023-10-11,2023-10-11,0.0,0.0,,,AussieMetro,0.04,0.0006,document,AUS51,van,0.0,On Time,Wednesday,October,0.0,On Time,Sydney → Melbourne,Light
SHP10069,South Pole,Antarctica,10001,Antarctica,McMurdo,Ross Island,20001,Antarctica,2023-11-25,2023-11-27,2023-12-03,2023-12-18,1.0,15.0,"weather,staffing,vehicle breakdown",weather,Polar Logistics,21.7,0.21,other,ANT05,other,15.0,Delayed,Monday,December,2.0,6+ Days,South Pole → McMurdo,Medium
SHP10070,Denver,CO,80202,USA,Denver,CO,80202,USA,2023-09-11,2023-09-12,2023-09-12,2023-09-12,0.0,0.0,,,Rocky Mountain Freight,7.9,0.08,parcel,RT228,truck,0.0,On Time,Tuesday,September,1.0,On Time,Denver → Denver,Light
SHP10071,Panama City,Panamá,0801,Panama,Cartagena,Bolívar,130001,Colombia,2023-08-12,2023-08-13,2023-08-19,2023-08-20,1.0,1.0,"customs,weather",customs,Canal & Andes Freight,7200.0,32.3,container,CANAL2,ship,1.0,Delayed,Sunday,August,1.0,1-2 Days,Panama City → Cartagena,Heavy
SHP10072,Singapore,Central,238879,Singapore,Kuala Lumpur,WP Kuala Lumpur,50400,Malaysia,2023-08-08,2023-08-08,2023-08-10,2023-08-10,0.0,0.0,,,Straits Logistics,0.02,0.0005,document,SEA21,air,0.0,On Time,Thursday,August,0.0,On Time,Singapore → Kuala Lumpur,Light
SHP10073,New York,NY,10001,USA,Baltimore,MD,21201,USA,2023-09-09,2023-09-09,2023-09-10,2023-09-10,0.0,0.0,,,Metro Express,3.1,0.04,parcel,RT111,van,0.0,On Time,Sunday,September,0.0,On Time,New York → Baltimore,Light
SHP10074,Lima,Lima,15001,Peru,La Paz,La Paz,0101,Bolivia,2023-11-03,2023-11-04,2023-11-12,2023-11-17,1.0,5.0,"weather,staffing,traffic",weather,AndesConnect,85.3,0.76,other,SAM401,other,5.0,Delayed,Friday,November,1.0,3-5 Days,Lima → La Paz,Heavy
SHP10075,Montreal,QC,H2X1L2,Canada,Vancouver,BC,V6C1X6,Canada,2023-09-17,2023-09-17,2023-09-21,2023-09-21,0.0,0.0,,,MapleFreight,51.0,0.3,parcel,CA217,truck,0.0,On Time,Thursday,September,0.0,On Time,Montreal → Vancouver,Heavy
SHP10076,London,England,SW1E5NE,UK,Paris,Île-de-France,75009,France,2023-08-19,2023-08-19,2023-08-22,2023-08-22,0.0,0.0,,,EuroWay Transport,0.03,0.0001,document,EU101,air,0.0,On Time,Tuesday,August,0.0,On Time,London → Paris,Light
SHP10077,Singapore,Central,048616,Singapore,Jakarta,DKI Jakarta,10220,Indonesia,2023-12-10,2023-12-11,2023-12-13,2023-12-17,1.0,4.0,"weather,customs",weather,ASEAN Express,430.0,1.9,pallet,SEA97,rail,4.0,Delayed,Sunday,December,1.0,3-5 Days,Singapore → Jakarta,Heavy
SHP10078,Atlanta,GA,30309,USA,Nashville,TN,37203,USA,2023-10-03,2023-10-03,2023-10-04,2023-10-04,0.0,0.0,,,Southeast Logistics,20.8,0.15,parcel,RT392,truck,0.0,On Time,Wednesday,October,0.0,On Time,Atlanta → Nashville,Medium
SHP10079,San Francisco,CA,94103,USA,Oakland,CA,94607,USA,2023-08-27,2023-08-28,2023-08-28,2023-08-28,0.0,0.0,,,Bay Area Couriers,5.4,0.04,parcel,RT113,truck,0.0,On Time,Monday,August,1.0,On Time,San Francisco → Oakland,Light
SHP10080,Sao Paulo,SP,01310-100,Brazil,Havana,La Habana,10100,Cuba,2023-09-17,2023-09-18,2023-09-24,2023-09-28,1.0,4.0,"customs,weather",customs,Caribbean Freight,5920.0,30.6,container,SAM991,ship,4.0,Delayed,Thursday,September,1.0,3-5 Days,Sao Paulo → Havana,Heavy
SHP10081,New Orleans,LA,70130,USA,New Orleans,LA,70130,USA,2023-12-21,,2023-12-22,,0.0,0.0,,,NOLA Delivery,1.7,0.02,parcel,RT982,van,,Delivery Pending,,,,Delivery Pending,New Orleans → New Orleans,Light
SHP10082,Barcelona,Catalonia,08002,Spain,Rome,Lazio,00186,Italy,2023-07-30,2023-07-30,2023-08-03,2023-08-04,1.0,1.0,"traffic,staffing",traffic,Iberia Freight,210.0,1.2,pallet,EU321,rail,1.0,Delayed,Friday,August,0.0,1-2 Days,Barcelona → Rome,Heavy
SHP10083,Manchester,England,M130PX,UK,Dublin,Leinster,D02H364,Ireland,2023-11-05,2023-11-06,2023-11-10,2023-11-10,0.0,0.0,,,Celtic Freight,0.01,0.0002,document,UKIR2,air,0.0,On Time,Friday,November,1.0,On Time,Manchester → Dublin,Light
SHP10084,Phoenix,AZ,85004,USA,Tucson,AZ,85701,USA,2023-08-09,2023-08-09,2023-08-10,2023-08-10,0.0,0.0,,,Desert FastMove,11.0,0.11,parcel,RT866,truck,0.0,On Time,Thursday,August,0.0,On Time,Phoenix → Tucson,Medium
SHP10085,Abu Dhabi,Abu Dhabi,00000,UAE,Dubai,Dubai,00000,UAE,2023-08-15,2023-08-16,2023-08-20,2023-08-24,1.0,4.0,"traffic,weather",weather,Emirates Freightways,165.0,0.92,pallet,UAE38,van,4.0,Delayed,Thursday,August,1.0,3-5 Days,Abu Dhabi → Dubai,Heavy
SHP10086,Zurich,ZH,8001,Switzerland,Milan,Lombardy,20121,Italy,2023-07-18,2023-07-18,2023-07-23,2023-07-23,0.0,0.0,,,AlpineCargo,275.0,1.15,pallet,EU220,rail,0.0,On Time,Sunday,July,0.0,On Time,Zurich → Milan,Heavy
SHP10087,Zurich,ZH,8005,Switzerland,Geneva,GE,1203,Switzerland,2023-10-12,2023-10-13,2023-10-14,2023-10-14,0.0,0.0,,,Helvetia Delivery,0.01,0.0001,document,CH340,van,0.0,On Time,Saturday,October,1.0,On Time,Zurich → Geneva,Light
SHP10088,Cape Town,Western Cape,8001,South Africa,Pretoria,Gauteng,0002,South Africa,2023-09-18,2023-09-19,2023-09-21,2023-09-21,0.0,0.0,,,Rainbow Transport,154.0,0.95,pallet,SAF71,truck,0.0,On Time,Thursday,September,1.0,On Time,Cape Town → Pretoria,Heavy
SHP10089,Singapore,Central,079903,Singapore,Bangkok,Bangkok,10500,Thailand,2023-08-25,2023-08-25,2023-08-29,2023-09-02,1.0,4.0,"weather,traffic",traffic,ASEAN Express,255.0,0.87,pallet,SEA74,rail,4.0,Delayed,Saturday,September,0.0,3-5 Days,Singapore → Bangkok,Heavy
SHP10090,Adelaide,SA,5000,Australia,Melbourne,VIC,3000,Australia,2023-10-30,,2023-11-01,,0.0,0.0,,,AussieMetro,0.03,0.0009,document,AUS11,air,,Delivery Pending,,,,Delivery Pending,Adelaide → Melbourne,Light
SHP10091,Rio de Janeiro,RJ,20040002,Brazil,Lima,Lima,15001,Peru,2023-07-13,2023-07-14,2023-07-21,2023-07-26,1.0,5.0,"customs,weather",customs,Andes Cargo,8320.0,39.9,container,SAM231,ship,5.0,Delayed,Wednesday,July,1.0,3-5 Days,Rio de Janeiro → Lima,Heavy
SHP10092,Boston,MA,02108,USA,Boston,MA,02116,USA,2023-09-17,,2023-09-18,,0.0,0.0,,,East Coast Express,3.3,0.04,parcel,RT222,van,,Delivery Pending,,,,Delivery Pending,Boston → Boston,Light
SHP10093,London,England,W1D1LT,UK,Lyon,Auvergne-Rhône-Alpes,69002,France,2023-08-31,2023-09-01,2023-09-07,2023-09-09,1.0,2.0,"weather,staffing",staffing,EuroWay Transport,310.0,1.08,pallet,EU331,rail,2.0,Delayed,Saturday,September,1.0,1-2 Days,London → Lyon,Heavy
SHP10094,Johannesburg,Gauteng,2001,South Africa,Cape Town,Western Cape,8001,South Africa,2023-09-11,2023-09-11,2023-09-13,2023-09-13,0.0,0.0,,,Rainbow Transport,172.0,0.99,pallet,SAF18,truck,0.0,On Time,Wednesday,September,0.0,On Time,Johannesburg → Cape Town,Heavy
SHP10095,Paris,Île-de-France,75001,France,Madrid,Madrid,28013,Spain,2023-12-06,2023-12-07,2023-12-13,2023-12-13,0.0,0.0,,,Iberia Freight,0.01,0.0001,document,EU221,air,0.0,On Time,Wednesday,December,1.0,On Time,Paris → Madrid,Light
SHP10096,Dubai,Dubai,00000,UAE,Abu Dhabi,Abu Dhabi,00000,UAE,2023-12-16,,2023-12-18,,0.0,0.0,,,Emirates Freightways,0.03,0.0005,document,UAE71,air,,Delivery Pending,,,,Delivery Pending,Dubai → Abu Dhabi,Light
SHP10097,Cape Town,Western Cape,8001,South Africa,Johannesburg,Gauteng,2001,South Africa,2023-10-22,,2023-10-25,,0.0,0.0,,,Rainbow Transport,0.02,0.0002,document,SAF09,van,,Delivery Pending,,,,Delivery Pending,Cape Town → Johannesburg,Light
SHP10098,Sao Paulo,SP,01310-100,Brazil,Havana,La Habana,10100,Cuba,2023-11-22,2023-11-23,2023-11-29,2023-12-04,1.0,5.0,"customs,weather",weather,Caribbean Freight,6100.0,29.2,container,SAM412,ship,5.0,Delayed,Monday,December,1.0,3-5 Days,Sao Paulo → Havana,Heavy
SHP10099,Auckland,Auckland,1010,New Zealand,Melbourne,VIC,3000,Australia,2023-12-12,2023-12-13,2023-12-19,2023-12-22,1.0,3.0,"weather,traffic",weather,DownUnder Logistics,420.0,1.5,pallet,AUNZ6,ship,3.0,Delayed,Friday,December,1.0,3-5 Days,Auckland → Melbourne,Heavy
SHP10100,San Francisco,CA,94104,USA,San Mateo,CA,94401,USA,2023-11-15,,2023-11-16,,0.0,0.0,,,Bay Area Couriers,2.6,0.03,parcel,RT312,van,,Delivery Pending,,,,Delivery Pending,San Francisco → San Mateo,Light
SHP03001,Los Angeles,CA,90024,USA,Phoenix,AZ,85004,USA,2023-05-10,2023-05-11,2023-05-13,2023-05-13,0.0,0.0,,,Sunshine Express,24.53,0.15,parcel,RT301,truck,0.0,On Time,Saturday,May,1.0,On Time,Los Angeles → Phoenix,Medium
SHP03002,Paris,Île-de-France,75002,France,Singapore,Central,409291,Singapore,2023-04-24,2023-04-25,2023-05-02,2023-05-06,1.0,4.0,"customs,weather",customs,EuroWay Global,3450.2,13.7,container,EU287,ship,4.0,Delayed,Saturday,May,1.0,3-5 Days,Paris → Singapore,Heavy
SHP03003,Auckland,Auckland,1010,New Zealand,Sydney,NSW,2000,Australia,2023-05-01,2023-05-02,2023-05-06,2023-05-09,1.0,3.0,"customs,weather,staffing",weather,ANZ Pacific Cargo,412.78,1.9,pallet,OC101,ship,3.0,Delayed,Tuesday,May,1.0,3-5 Days,Auckland → Sydney,Heavy
SHP03004,Ottawa,ON,K1A0A9,Canada,Vancouver,BC,V6E1P8,Canada,2023-06-02,2023-06-03,2023-06-06,2023-06-07,1.0,1.0,traffic,traffic,Great North Freight,67.4,0.41,parcel,CA923,truck,1.0,Delayed,Wednesday,June,1.0,1-2 Days,Ottawa → Vancouver,Heavy
SHP03005,London,England,W1D2DY,UK,New York,NY,10019,USA,2023-05-30,2023-05-31,2023-06-05,2023-06-07,1.0,2.0,"customs,weather",customs,TransAtlantic Cargo,5014.1,33.83,container,EU310,ship,2.0,Delayed,Wednesday,June,1.0,1-2 Days,London → New York,Heavy
SHP03006,Dallas,TX,75204,USA,San Antonio,TX,78205,USA,2023-04-15,2023-04-15,2023-04-17,2023-04-17,0.0,0.0,,,Texas Star Express,38.19,0.19,parcel,RT302,truck,0.0,On Time,Monday,April,0.0,On Time,Dallas → San Antonio,Heavy
SHP03007,Singapore,Central,039803,Singapore,Kuala Lumpur,Wilayah Persekutuan,50480,Malaysia,2023-07-02,2023-07-02,2023-07-04,2023-07-05,1.0,1.0,"customs,staffing",staffing,ASEAN FastFreight,92.5,0.49,parcel,AS284,van,1.0,Delayed,Wednesday,July,0.0,1-2 Days,Singapore → Kuala Lumpur,Heavy
SHP03008,Bangkok,Bangkok,10200,Thailand,Melbourne,VIC,3000,Australia,2023-06-15,2023-06-15,2023-06-23,2023-06-29,1.0,6.0,"customs,weather",weather,IndoPacific Carriers,1093.7,7.4,container,AS314,ship,6.0,Delayed,Thursday,June,0.0,6+ Days,Bangkok → Melbourne,Heavy
SHP03009,Cape Town,Western Cape,8001,South Africa,Johannesburg,Gauteng,2000,South Africa,2023-03-03,2023-03-04,2023-03-07,2023-03-07,0.0,0.0,,,Rainbow Logistics,234.18,1.01,pallet,AF111,truck,0.0,On Time,Tuesday,March,1.0,On Time,Cape Town → Johannesburg,Heavy
SHP03010,Zurich,Zurich,8001,Switzerland,Munich,Bavaria,80333,Germany,2023-05-09,2023-05-10,2023-05-13,2023-05-15,1.0,2.0,"staffing,traffic",staffing,Alpine Rail Transport,181.3,0.78,pallet,EU402,rail,2.0,Delayed,Monday,May,1.0,1-2 Days,Zurich → Munich,Heavy
SHP03011,Boston,MA,02114,USA,Philadelphia,PA,19104,USA,2023-03-17,2023-03-17,2023-03-19,2023-03-19,0.0,0.0,,,Atlantic Delivery,13.7,0.07,parcel,RT303,truck,0.0,On Time,Sunday,March,0.0,On Time,Boston → Philadelphia,Medium
SHP03012,Sydney,NSW,2000,Australia,Melbourne,VIC,3000,Australia,2023-07-10,2023-07-11,2023-07-14,2023-07-15,1.0,1.0,traffic,traffic,DownUnder Logistics,86.1,0.38,parcel,AU091,van,1.0,Delayed,Saturday,July,1.0,1-2 Days,Sydney → Melbourne,Heavy
SHP03013,Hong Kong,Kowloon,999077,China,Singapore,Central,189701,Singapore,2023-08-22,2023-08-23,2023-08-29,2023-09-01,1.0,3.0,"customs,weather",weather,Eastern Silk Logistics,3045.5,12.12,container,AS399,ship,3.0,Delayed,Friday,September,1.0,3-5 Days,Hong Kong → Singapore,Heavy
SHP03014,San Francisco,CA,94105,USA,Seattle,WA,98101,USA,2023-06-01,2023-06-02,2023-06-04,2023-06-05,1.0,1.0,"traffic,weather",traffic,West Coast Cargo,16.9,0.11,parcel,RT304,truck,1.0,Delayed,Monday,June,1.0,1-2 Days,San Francisco → Seattle,Medium
SHP03015,Dublin,Leinster,D01F5P2,Ireland,Zurich,Zurich,8001,Switzerland,2023-04-14,2023-04-15,2023-04-19,2023-04-20,1.0,1.0,weather,weather,Emerald Railways,319.9,1.03,pallet,EU356,rail,1.0,Delayed,Thursday,April,1.0,1-2 Days,Dublin → Zurich,Heavy
SHP03016,Miami,FL,33139,USA,Key West,FL,33040,USA,2023-03-23,2023-03-24,2023-03-25,2023-03-25,0.0,0.0,,,TropicStar Logistics,11.5,0.04,parcel,RT305,van,0.0,On Time,Saturday,March,1.0,On Time,Miami → Key West,Medium
SHP03017,Las Vegas,NV,89104,USA,Las Vegas,NV,89101,USA,2023-05-06,2023-05-06,2023-05-06,2023-05-06,0.0,0.0,,,Vegas Metro Express,0.012,0.0005,document,NV01,van,0.0,On Time,Saturday,May,0.0,On Time,Las Vegas → Las Vegas,Light
SHP03018,Buenos Aires,Buenos Aires,C1043AAX,Argentina,Sao Paulo,Sao Paulo,01310-100,Brazil,2023-02-10,2023-02-10,2023-02-14,2023-02-19,1.0,5.0,"weather,staffing",weather,Andes Frontier Logistics,72.6,0.75,other,SA105,other,5.0,Delayed,Sunday,February,0.0,3-5 Days,Buenos Aires → Sao Paulo,Heavy
SHP03019,Geneva,Geneva,1203,Switzerland,Paris,Île-de-France,75004,France,2023-06-21,2023-06-22,2023-06-24,2023-06-24,0.0,0.0,,,Alpine EuroExpress,98.4,0.55,pallet,EU455,rail,0.0,On Time,Saturday,June,1.0,On Time,Geneva → Paris,Heavy
SHP03020,New York,NY,10011,USA,Chicago,IL,60654,USA,2023-07-04,2023-07-05,2023-07-08,2023-07-08,0.0,0.0,,,Midwest Haulage,44.2,0.22,parcel,RT306,truck,0.0,On Time,Saturday,July,1.0,On Time,New York → Chicago,Heavy
SHP03021,Geneva,Geneva,1201,Switzerland,Berlin,Berlin,10709,Germany,2023-06-23,2023-06-23,2023-06-26,2023-06-29,1.0,3.0,"staffing,weather",staffing,Alpine EuroExpress,124.0,0.96,pallet,EU455,rail,3.0,Delayed,Thursday,June,0.0,3-5 Days,Geneva → Berlin,Heavy
SHP03022,Brooklyn,NY,11222,USA,Jersey City,NJ,07305,USA,2023-08-15,,2023-08-18,,0.0,0.0,,,Empire State Freight,21.0,0.08,parcel,RT307,truck,,Delivery Pending,,,,Delivery Pending,Brooklyn → Jersey City,Medium
SHP03023,Lima,Lima,15001,Peru,Panama City,Panama,0801,Panama,2023-05-25,2023-05-26,2023-05-28,2023-05-29,1.0,1.0,staffing,staffing,Condor Logistics,62.3,0.47,other,SA193,other,1.0,Delayed,Monday,May,1.0,1-2 Days,Lima → Panama City,Heavy
SHP03024,Auckland,Auckland,1010,New Zealand,Melbourne,VIC,3000,Australia,2023-08-01,2023-08-02,2023-08-08,2023-08-10,1.0,2.0,weather,weather,ANZ Pacific Cargo,411.2,1.45,pallet,OC101,ship,2.0,Delayed,Thursday,August,1.0,1-2 Days,Auckland → Melbourne,Heavy
SHP03025,Toronto,ON,M5V1M1,Canada,Ottawa,ON,K1P5G4,Canada,2023-04-18,2023-04-19,2023-04-22,2023-04-22,0.0,0.0,,,Maple Leaf Couriers,0.03,0.0007,document,CA201,van,0.0,On Time,Saturday,April,1.0,On Time,Toronto → Ottawa,Light
SHP03026,Dubai,Dubai,00000,UAE,Abu Dhabi,Abu Dhabi,00000,UAE,2023-05-11,2023-05-11,2023-05-14,2023-05-18,1.0,4.0,"staffing,weather",staffing,Emirates Logistics,81.2,0.64,other,ME153,other,4.0,Delayed,Thursday,May,0.0,3-5 Days,Dubai → Abu Dhabi,Heavy
SHP03027,Seattle,WA,98101,USA,Portland,OR,97205,USA,2023-07-13,2023-07-14,2023-07-16,2023-07-17,1.0,1.0,traffic,traffic,Pacific Northwest Haulage,33.8,0.16,parcel,RT308,truck,1.0,Delayed,Monday,July,1.0,1-2 Days,Seattle → Portland,Heavy
SHP03028,Manchester,England,M13 9PL,UK,London,England,W1J9HP,UK,2023-03-30,2023-03-31,2023-04-01,2023-04-01,0.0,0.0,,,BritExpress,0.021,0.0002,document,UK01,air,0.0,On Time,Saturday,April,1.0,On Time,Manchester → London,Light
SHP03029,Vancouver,BC,V6Z1M1,Canada,Edmonton,AB,T5J1P1,Canada,2023-06-10,2023-06-11,2023-06-13,2023-06-14,1.0,1.0,traffic,traffic,Western Canada Freight,64.7,0.39,parcel,CA923,truck,1.0,Delayed,Wednesday,June,1.0,1-2 Days,Vancouver → Edmonton,Heavy
SHP03030,Madrid,Madrid,28012,Spain,Amsterdam,North Holland,1015DV,Netherlands,2023-05-12,2023-05-13,2023-05-18,2023-05-19,1.0,1.0,customs,customs,Iberia Logistics,397.5,1.31,pallet,EU512,rail,1.0,Delayed,Friday,May,1.0,1-2 Days,Madrid → Amsterdam,Heavy
SHP03031,Hong Kong,Hong Kong,999077,China,Hong Kong,Hong Kong,999077,China,2023-07-20,,2023-07-23,,0.0,0.0,,,Eastern Silk Logistics,0.015,0.0006,document,HK01,van,,Delivery Pending,,,,Delivery Pending,Hong Kong → Hong Kong,Light
SHP03032,Chicago,IL,60611,USA,Los Angeles,CA,90071,USA,2023-08-14,,2023-08-18,,0.0,0.0,,,Midwest Haulage,28.9,0.13,parcel,RT309,truck,,Delivery Pending,,,,Delivery Pending,Chicago → Los Angeles,Medium
SHP03033,London,England,W1S4PB,UK,Toronto,ON,M6K1J5,Canada,2023-09-01,2023-09-02,2023-09-09,2023-09-11,1.0,2.0,"customs,staffing",customs,BritExpress,3620.9,16.4,container,EU601,ship,2.0,Delayed,Monday,September,1.0,1-2 Days,London → Toronto,Heavy
SHP03034,Denver,CO,80202,USA,Denver,CO,80202,USA,2023-07-30,,2023-08-01,,0.0,0.0,,,Rocky Mountain Express,0.018,0.0004,document,CO01,van,,Delivery Pending,,,,Delivery Pending,Denver → Denver,Light
SHP03035,Tunis,Tunis,1000,Tunisia,Cairo,Cairo,11511,Egypt,2023-04-22,2023-04-23,2023-04-27,2023-04-29,1.0,2.0,"weather,staffing",weather,Sahara Desert Logistics,89.7,0.58,other,AF214,other,2.0,Delayed,Saturday,April,1.0,1-2 Days,Tunis → Cairo,Heavy
SHP03036,Nashville,TN,37203,USA,Nashville,TN,37208,USA,2023-05-19,2023-05-20,2023-05-22,2023-05-22,0.0,0.0,,,Volunteer State Freight,15.4,0.09,parcel,RT310,truck,0.0,On Time,Monday,May,1.0,On Time,Nashville → Nashville,Medium
SHP03037,New Orleans,LA,70112,USA,New Orleans,LA,70112,USA,2023-06-13,2023-06-13,2023-06-13,2023-06-13,0.0,0.0,,,Bayou City Couriers,0.014,0.0003,document,LA01,van,0.0,On Time,Tuesday,June,0.0,On Time,New Orleans → New Orleans,Light
SHP03038,Singapore,Central,238841,Singapore,Jakarta,Jakarta,10110,Indonesia,2023-05-16,2023-05-16,2023-05-20,2023-05-22,1.0,2.0,"customs,staffing",customs,IndoPacific Carriers,792.4,5.2,container,AS314,ship,2.0,Delayed,Monday,May,0.0,1-2 Days,Singapore → Jakarta,Heavy
SHP03039,Quito,Pichincha,170143,Ecuador,Bogota,Cundinamarca,110111,Colombia,2023-07-17,2023-07-18,2023-07-20,2023-07-23,1.0,3.0,"weather,staffing",staffing,Andes Frontier Logistics,79.2,0.68,other,SA105,other,3.0,Delayed,Sunday,July,1.0,3-5 Days,Quito → Bogota,Heavy
SHP03040,Rome,Lazio,00184,Italy,Sao Paulo,Sao Paulo,01310-100,Brazil,2023-04-19,2023-04-20,2023-04-27,2023-05-01,1.0,4.0,"customs,staffing,weather",weather,Mediterranean Cargo,1135.3,7.8,container,EU213,ship,4.0,Delayed,Monday,May,1.0,3-5 Days,Rome → Sao Paulo,Heavy
SHP03041,Paris,Île-de-France,75001,France,Paris,Île-de-France,75001,France,2023-06-16,2023-06-16,2023-06-17,2023-06-17,0.0,0.0,,,Paris City Express,0.017,0.0008,document,FR01,air,0.0,On Time,Saturday,June,0.0,On Time,Paris → Paris,Light
SHP03042,Surrey,BC,V3Z1G9,Canada,Vancouver,BC,V5L1S3,Canada,2023-06-19,2023-06-20,2023-06-22,2023-06-22,0.0,0.0,,,Great North Freight,53.6,0.28,parcel,CA923,truck,0.0,On Time,Thursday,June,1.0,On Time,Surrey → Vancouver,Heavy
SHP03043,Cape Town,Western Cape,8005,South Africa,Durban,KwaZulu-Natal,4001,South Africa,2023-04-10,2023-04-11,2023-04-13,2023-04-13,0.0,0.0,,,Rainbow Logistics,63.2,0.31,parcel,AF111,truck,0.0,On Time,Thursday,April,1.0,On Time,Cape Town → Durban,Heavy
SHP03044,Nice,Provence-Alpes-Côte d'Azur,06000,France,Genoa,Liguria,16124,Italy,2023-05-27,2023-05-28,2023-05-31,2023-06-02,1.0,2.0,"customs,traffic",customs,Mediterranean Cargo,374.5,1.36,pallet,EU213,rail,2.0,Delayed,Friday,June,1.0,1-2 Days,Nice → Genoa,Heavy
SHP03045,Seattle,WA,98101,USA,Seattle,WA,98121,USA,2023-08-02,,2023-08-03,,0.0,0.0,,,Pacific Northwest Haulage,0.019,0.0007,document,WA01,van,,Delivery Pending,,,,Delivery Pending,Seattle → Seattle,Light
SHP03046,Paris,Île-de-France,75004,France,Berlin,Berlin,10178,Germany,2023-06-28,2023-06-29,2023-07-03,2023-07-06,1.0,3.0,"customs,staffing",staffing,Alpine EuroExpress,128.9,0.99,pallet,EU455,rail,3.0,Delayed,Thursday,July,1.0,3-5 Days,Paris → Berlin,Heavy
SHP03047,Buenos Aires,Buenos Aires,C1425AAN,Argentina,La Paz,La Paz,0001,Bolivia,2023-04-04,2023-04-05,2023-04-11,2023-04-17,1.0,6.0,"weather,staffing",weather,Andes Frontier Logistics,87.1,0.61,other,SA105,other,6.0,Delayed,Monday,April,1.0,6+ Days,Buenos Aires → La Paz,Heavy
SHP03048,San Francisco,CA,94122,USA,San Francisco,CA,94102,USA,2023-07-27,,2023-07-30,,0.0,0.0,,,West Coast Cargo,0.022,0.0003,document,CA01,van,,Delivery Pending,,,,Delivery Pending,San Francisco → San Francisco,Light
SHP03049,Nice,Provence-Alpes-Côte d'Azur,06000,France,Milan,Lombardy,20121,Italy,2023-05-29,2023-05-30,2023-06-03,2023-06-05,1.0,2.0,"customs,traffic",traffic,Mediterranean Cargo,384.2,1.42,pallet,EU213,rail,2.0,Delayed,Monday,June,1.0,1-2 Days,Nice → Milan,Heavy
SHP03050,McMurdo Station,Ross Dependency,00000,Antarctica,Christchurch,Canterbury,8011,New Zealand,2023-04-03,2023-04-04,2023-04-12,2023-04-21,1.0,9.0,"weather,staffing",weather,Polar Logistics,28.5,0.14,other,AN001,other,9.0,Delayed,Friday,April,1.0,6+ Days,McMurdo Station → Christchurch,Medium
SHP06000,San Diego,CA,92116,USA,Los Angeles,CA,90017,USA,2024-01-05,2024-01-05,2024-01-08,2024-01-08,0.0,0.0,,,Pacific Express,27.8,0.19,parcel,RT1023,van,0.0,On Time,Monday,January,0.0,On Time,San Diego → Los Angeles,Medium
SHP01001,Chicago,IL,60616,USA,Houston,TX,77002,USA,2024-03-01,2024-03-01,2024-03-04,2024-03-04,0.0,0.0,,,Starline Express,12.7,0.17,parcel,RT0213,truck,0.0,On Time,Monday,March,0.0,On Time,Chicago → Houston,Medium
SHP01002,London,Greater London,E1 6AN,UK,Paris,Île-de-France,75010,France,2024-02-13,2024-02-13,2024-02-16,2024-02-20,1.0,4.0,"customs,weather",customs,EuroWay Logistics,940.8,7.3,container,EU1102,rail,4.0,Delayed,Tuesday,February,0.0,3-5 Days,London → Paris,Heavy
SHP01003,Toronto,ON,M5J2B3,Canada,Montreal,QC,H2Y1G7,Canada,2024-03-11,2024-03-11,2024-03-13,2024-03-13,0.0,0.0,,,TransCan Freight,81.2,0.42,pallet,CA0173,rail,0.0,On Time,Wednesday,March,0.0,On Time,Toronto → Montreal,Heavy
SHP01004,Geneva,Geneva,1204,Switzerland,Milan,Lombardy,20121,Italy,2024-02-22,2024-02-22,2024-02-25,2024-02-27,1.0,2.0,"weather,staffing",weather,Alpine Transports,305.4,1.3,pallet,EU1319,truck,2.0,Delayed,Tuesday,February,0.0,1-2 Days,Geneva → Milan,Heavy
SHP01005,San Francisco,CA,94107,USA,Los Angeles,CA,90015,USA,2024-04-02,2024-04-03,2024-04-06,2024-04-06,0.0,0.0,,,Pacific Haulage,37.1,0.19,parcel,RT0541,van,0.0,On Time,Saturday,April,1.0,On Time,San Francisco → Los Angeles,Heavy
SHP01006,Paris,Île-de-France,75008,France,Montreal,QC,H3A2R7,Canada,2024-03-12,2024-03-15,2024-03-18,2024-03-24,1.0,6.0,"customs,weather,staffing",customs,TransAtlantic Cargo,13800.5,55.7,container,EU0221,ship,6.0,Delayed,Sunday,March,3.0,6+ Days,Paris → Montreal,Heavy
SHP01007,Sydney,NSW,2000,Australia,Auckland,Auckland,1010,New Zealand,2024-01-10,2024-01-11,2024-01-15,2024-01-19,1.0,4.0,"weather,vehicle breakdown",vehicle breakdown,DownUnder Logistics,629.3,8.4,container,AU3004,ship,4.0,Delayed,Friday,January,1.0,3-5 Days,Sydney → Auckland,Heavy
SHP01008,New Orleans,LA,70130,USA,Miami,FL,33101,USA,2024-03-19,2024-03-19,2024-03-22,2024-03-22,0.0,0.0,,,BrightSun Freight,14.8,0.13,parcel,RT0331,truck,0.0,On Time,Friday,March,0.0,On Time,New Orleans → Miami,Medium
SHP01009,Singapore,Central,238880,Singapore,Jakarta,Jakarta,10220,Indonesia,2024-03-25,2024-03-27,2024-03-29,2024-03-31,1.0,2.0,"staffing,traffic",staffing,ASEAN Freightways,91.2,0.32,pallet,AS0912,van,2.0,Delayed,Sunday,March,2.0,1-2 Days,Singapore → Jakarta,Heavy
SHP01010,Philadelphia,PA,19123,USA,New York,NY,10011,USA,2024-02-02,2024-02-03,2024-02-05,2024-02-05,0.0,0.0,,,Northeast Logistics,21.3,0.12,parcel,RT1007,truck,0.0,On Time,Monday,February,1.0,On Time,Philadelphia → New York,Medium
SHP01011,Boston,MA,02109,USA,Hartford,CT,06103,USA,2024-03-14,2024-03-14,2024-03-15,2024-03-15,0.0,0.0,,,Metro Delivery,64.5,0.26,parcel,RT0124,van,0.0,On Time,Friday,March,0.0,On Time,Boston → Hartford,Heavy
SHP01012,New York,NY,10010,USA,Boston,MA,02108,USA,2024-02-17,2024-02-17,2024-02-18,2024-02-18,0.0,0.0,,,Liberty Freight,7.9,0.08,parcel,RT0097,truck,0.0,On Time,Sunday,February,0.0,On Time,New York → Boston,Light
SHP01013,New York,NY,10024,USA,Boston,MA,02114,USA,2024-04-05,,2024-04-07,,0.0,0.0,,,Northeast Logistics,3.4,0.02,parcel,RT0236,truck,,Delivery Pending,,,,Delivery Pending,New York → Boston,Light
SHP01014,Dublin,Leinster,D06H6K8,Ireland,Limerick,Munster,V94T9V6,Ireland,2024-02-07,2024-02-07,2024-02-09,2024-02-09,0.0,0.0,,,Emerald Couriers,0.04,0.0004,document,IE2043,van,0.0,On Time,Friday,February,0.0,On Time,Dublin → Limerick,Light
SHP01015,London,Greater London,EC4N4TQ,UK,Edinburgh,Scotland,EH22LL,UK,2024-03-17,2024-03-17,2024-03-18,2024-03-18,0.0,0.0,,,BritExpress,0.01,0.0001,document,UK0191,air,0.0,On Time,Monday,March,0.0,On Time,London → Edinburgh,Light
SHP01016,Cape Town,Western Cape,8001,South Africa,Johannesburg,Gauteng,2001,South Africa,2024-01-19,2024-01-19,2024-01-22,2024-01-27,1.0,5.0,"traffic,staffing",staffing,Rainbow Logistics,88.5,0.38,pallet,SA0138,rail,5.0,Delayed,Saturday,January,0.0,3-5 Days,Cape Town → Johannesburg,Heavy
SHP01017,Madrid,Madrid,28013,Spain,Rome,Lazio,00187,Italy,2024-02-18,2024-02-18,2024-02-21,2024-02-22,1.0,1.0,weather,weather,Iberia Couriers,52.3,0.19,pallet,EU1835,rail,1.0,Delayed,Thursday,February,0.0,1-2 Days,Madrid → Rome,Heavy
SHP01018,Lisbon,Lisbon,1100-053,Portugal,Sao Paulo,SP,01310-000,Brazil,2024-03-10,2024-03-11,2024-03-17,2024-03-22,1.0,5.0,"customs,weather",weather,Atlantic Oceanic,7401.2,29.2,container,EU2931,ship,5.0,Delayed,Friday,March,1.0,3-5 Days,Lisbon → Sao Paulo,Heavy
SHP01019,La Paz,La Paz,LPZ101,Bolivia,Cusco,Cusco,08002,Peru,2024-01-22,2024-01-22,2024-01-25,2024-01-28,1.0,3.0,"weather,staffing",weather,Andes Freight,55.9,0.43,other,AN0952,other,3.0,Delayed,Sunday,January,0.0,3-5 Days,La Paz → Cusco,Heavy
SHP01020,Shanghai,Shanghai,200002,China,Hong Kong,Hong Kong,999077,China,2024-02-20,2024-02-20,2024-02-22,2024-02-22,0.0,0.0,,,Dragon Line Cargo,0.02,0.0002,document,CN0147,air,0.0,On Time,Thursday,February,0.0,On Time,Shanghai → Hong Kong,Light
SHP01021,Montreal,QC,H2X3X5,Canada,Toronto,ON,M5H1J9,Canada,2024-03-20,2024-03-21,2024-03-22,2024-03-22,0.0,0.0,,,True North Transport,62.3,0.2,pallet,CA0387,truck,0.0,On Time,Friday,March,1.0,On Time,Montreal → Toronto,Heavy
SHP01022,McMurdo,Antarctica,96599,Antarctica,Ushuaia,Tierra del Fuego,9410,Argentina,2024-01-05,2024-01-06,2024-01-15,2024-01-25,1.0,10.0,"weather,customs,staffing",weather,Polar Logistics,23.1,0.48,other,AN1100,other,10.0,Delayed,Thursday,January,1.0,6+ Days,McMurdo → Ushuaia,Medium
SHP01023,Los Angeles,CA,90012,USA,Chicago,IL,60605,USA,2024-03-05,2024-03-06,2024-03-08,2024-03-11,1.0,3.0,"traffic,weather",traffic,Starline Express,24.6,0.16,parcel,RT0324,truck,3.0,Delayed,Monday,March,1.0,3-5 Days,Los Angeles → Chicago,Medium
SHP01024,Miami,FL,33139,USA,Houston,TX,77058,USA,2024-04-04,,2024-04-06,,0.0,0.0,,,BrightSun Freight,10.9,0.09,parcel,RT0491,van,,Delivery Pending,,,,Delivery Pending,Miami → Houston,Medium
SHP01025,Cape Town,Western Cape,8005,South Africa,Windhoek,Khomas,10005,Namibia,2024-03-06,2024-03-08,2024-03-13,2024-03-18,1.0,5.0,"staffing,weather",staffing,Desert Express,77.6,0.31,pallet,SA0529,rail,5.0,Delayed,Monday,March,2.0,3-5 Days,Cape Town → Windhoek,Heavy
SHP01026,Singapore,Central,189701,Singapore,Bangkok,Bangkok,10500,Thailand,2024-02-09,2024-02-09,2024-02-12,2024-02-12,0.0,0.0,,,ASEAN Freightways,0.03,0.0002,document,AS0031,air,0.0,On Time,Monday,February,0.0,On Time,Singapore → Bangkok,Light
SHP01027,Buenos Aires,Buenos Aires,C1043AAN,Argentina,Panama City,Panama,0801,Panama,2024-03-07,2024-03-07,2024-03-15,2024-03-18,1.0,3.0,"customs,weather",customs,SouthAmerican Line,2380.7,9.5,container,SA2910,ship,3.0,Delayed,Monday,March,0.0,3-5 Days,Buenos Aires → Panama City,Heavy
SHP01028,Singapore,Central,238885,Singapore,Kuala Lumpur,WP Kuala Lumpur,50480,Malaysia,2024-04-10,,2024-04-12,,0.0,0.0,,,ASEAN Freightways,2.7,0.01,parcel,AS0901,truck,,Delivery Pending,,,,Delivery Pending,Singapore → Kuala Lumpur,Light
SHP01029,Los Angeles,CA,90731,USA,San Diego,CA,92101,USA,2024-03-15,2024-03-15,2024-03-16,2024-03-16,0.0,0.0,,,Pacific Haulage,19.6,0.14,parcel,RT0415,truck,0.0,On Time,Saturday,March,0.0,On Time,Los Angeles → San Diego,Medium
SHP01030,Atlanta,GA,30350,USA,Atlanta,GA,30309,USA,2024-04-08,,2024-04-09,,0.0,0.0,,,Southern Freight,28.3,0.11,parcel,RT0586,van,,Delivery Pending,,,,Delivery Pending,Atlanta → Atlanta,Medium
SHP01031,Dubai,Dubai,00000,UAE,Doha,Doha,21001,Qatar,2024-01-20,2024-01-22,2024-01-24,2024-01-29,1.0,5.0,"customs,staffing",customs,Gulf Connect,1920.5,8.8,container,ME1542,ship,5.0,Delayed,Monday,January,2.0,3-5 Days,Dubai → Doha,Heavy
SHP01032,Seattle,WA,98117,USA,Portland,OR,97209,USA,2024-03-27,2024-03-27,2024-03-28,2024-03-30,1.0,2.0,"traffic,weather",weather,Pacific Haulage,12.1,0.12,parcel,RT0772,truck,2.0,Delayed,Saturday,March,0.0,1-2 Days,Seattle → Portland,Medium
SHP01033,Cleveland,OH,44114,USA,Pittsburgh,PA,15222,USA,2024-03-08,2024-03-08,2024-03-09,2024-03-09,0.0,0.0,,,Starline Express,13.0,0.13,parcel,RT0219,truck,0.0,On Time,Saturday,March,0.0,On Time,Cleveland → Pittsburgh,Medium
SHP01034,Toronto,ON,M5E1J3,Canada,Ottawa,ON,K1P5J6,Canada,2024-03-16,2024-03-17,2024-03-18,2024-03-18,0.0,0.0,,,True North Transport,95.1,0.48,pallet,CA0292,truck,0.0,On Time,Monday,March,1.0,On Time,Toronto → Ottawa,Heavy
SHP01035,Singapore,Central,098585,Singapore,Phuket,Phuket,83100,Thailand,2024-02-13,2024-02-14,2024-02-17,2024-02-20,1.0,3.0,"weather,staffing",staffing,ASEAN Freightways,66.8,0.29,pallet,AS0729,rail,3.0,Delayed,Tuesday,February,1.0,3-5 Days,Singapore → Phuket,Heavy
SHP01036,Yangon,Yangon,11181,Myanmar,Bangkok,Bangkok,10500,Thailand,2024-01-29,2024-01-29,2024-02-04,2024-02-06,1.0,2.0,"traffic,staffing",traffic,Mekong Express,101.0,0.51,pallet,AS3080,rail,2.0,Delayed,Tuesday,February,0.0,1-2 Days,Yangon → Bangkok,Heavy
SHP01037,Anchorage,AK,99503,USA,Barrow,AK,99723,USA,2024-02-02,2024-02-02,2024-02-08,2024-02-13,1.0,5.0,"weather,staffing",weather,Frontier Logistics,22.4,0.35,other,AK1017,other,5.0,Delayed,Tuesday,February,0.0,3-5 Days,Anchorage → Barrow,Medium
SHP01038,Geneva,Geneva,1201,Switzerland,Vienna,Vienna,1070,Austria,2024-03-14,2024-03-14,2024-03-17,2024-03-17,0.0,0.0,,,Alpine Transports,0.03,0.0003,document,EU2134,van,0.0,On Time,Sunday,March,0.0,On Time,Geneva → Vienna,Light
SHP01039,Montreal,QC,H3C1J2,Canada,Toronto,ON,M5E1Z2,Canada,2024-04-01,,2024-04-04,,0.0,0.0,,,True North Transport,1.3,0.02,parcel,CA0871,truck,,Delivery Pending,,,,Delivery Pending,Montreal → Toronto,Light
SHP01040,Dallas,TX,75201,USA,Austin,TX,78701,USA,2024-04-05,,2024-04-07,,0.0,0.0,,,Southern Freight,7.8,0.09,parcel,RT0521,truck,,Delivery Pending,,,,Delivery Pending,Dallas → Austin,Light
SHP01041,Montreal,QC,H2W2M5,Canada,Ottawa,ON,K1S5A5,Canada,2024-03-18,2024-03-18,2024-03-19,2024-03-19,0.0,0.0,,,TransCan Freight,85.4,0.49,pallet,CA0644,rail,0.0,On Time,Tuesday,March,0.0,On Time,Montreal → Ottawa,Heavy
SHP01042,Montreal,QC,H2X3K3,Canada,Toronto,ON,M5C1G6,Canada,2024-03-13,2024-03-13,2024-03-15,2024-03-15,0.0,0.0,,,TransCan Freight,74.7,0.41,pallet,CA0745,rail,0.0,On Time,Friday,March,0.0,On Time,Montreal → Toronto,Heavy
SHP01043,Paris,Île-de-France,75001,France,Frankfurt,Hesse,60313,Germany,2024-02-22,2024-02-23,2024-02-26,2024-03-02,1.0,4.0,"customs,weather",weather,EuroWay Logistics,15300.1,65.0,container,EU3019,ship,5.0,Delayed,Saturday,March,1.0,3-5 Days,Paris → Frankfurt,Heavy
SHP01044,Beijing,Beijing,100007,China,Singapore,Central,018982,Singapore,2024-03-21,2024-03-23,2024-03-26,2024-03-29,1.0,3.0,"customs,staffing",customs,Dragon Line Cargo,970.3,8.2,container,CN0229,rail,3.0,Delayed,Friday,March,2.0,3-5 Days,Beijing → Singapore,Heavy
SHP01045,Paris,Île-de-France,75002,France,Milan,Lombardy,20121,Italy,2024-01-20,2024-01-21,2024-01-26,2024-01-31,1.0,5.0,"weather,staffing",staffing,Alpine Transports,420.2,1.8,pallet,EU1712,rail,5.0,Delayed,Wednesday,January,1.0,3-5 Days,Paris → Milan,Heavy
SHP01046,Hong Kong,Hong Kong,999077,China,Hong Kong,Hong Kong,999077,China,2024-02-27,2024-02-27,2024-02-28,2024-02-28,0.0,0.0,,,Dragon Line Cargo,0.02,0.0002,document,CN0071,van,0.0,On Time,Wednesday,February,0.0,On Time,Hong Kong → Hong Kong,Light
SHP01047,Geneva,Geneva,1204,Switzerland,Zurich,Zurich,8001,Switzerland,2024-03-09,2024-03-09,2024-03-11,2024-03-12,1.0,1.0,traffic,traffic,Alpine Transports,0.04,0.0003,document,EU2105,van,1.0,Delayed,Tuesday,March,0.0,1-2 Days,Geneva → Zurich,Light
SHP01048,Denver,CO,80202,USA,Salt Lake City,UT,84101,USA,2024-04-11,,2024-04-13,,0.0,0.0,,,Starline Express,8.2,0.09,parcel,RT0618,truck,,Delivery Pending,,,,Delivery Pending,Denver → Salt Lake City,Light
